{
    "title": "Algorithm Analysis: A Deep Dive",
    "sections": [
        {
            "title": "Foundations of Time Complexity",
            "sub_sections": [
                {
                    "title": "Introduction to Time Complexity",
                    "content": [
                        {
                            "type": "paragraph",
                            "content": [
                                "The exploration of time complexity begins with understanding its core concepts and significance in algorithm analysis."
                            ]
                        },
                        {
                            "type": "paragraph",
                            "content": [
                                "Time complexity is a measure of how the execution time of an algorithm grows as the input size increases."
                            ]
                        },
                        {
                            "type": "paragraph",
                            "content": [
                                "Algorithm: A finite procedure that takes an input and produces an output, providing an effective method to solve problems."
                            ]
                        },
                        {
                            "type": "paragraph",
                            "content": [
                                "Random Access Machine (RAM) Model: A theoretical model of computation that assumes a simplified, idealized computer system processing instructions sequentially with constant time for memory access and basic operations."
                            ]
                        },
                        {
                            "type": "paragraph",
                            "content": [
                                "It's crucial because it helps in comparing the efficiency of different algorithms, predicting performance, and optimizing resource usage."
                            ]
                        },
                        {
                            "type": "paragraph",
                            "content": [
                                "Actual time can be impacted by the computer's hardware and software configuration."
                            ]
                        },
                        {
                            "type": "paragraph",
                            "content": [
                                "The number of steps depends on both the algorithm and the input's size."
                            ]
                        },
                        {
                            "type": "paragraph",
                            "content": [
                                "**Steps to measure code efficiency:**"
                            ]
                        },
                        {
                            "type": "list",
                            "content": [
                                "Express the number of steps as a function of the input size."
                            ]
                        },
                        {
                            "type": "paragraph",
                            "content": [
                                "Use **T(n)** to denote the time complexity of a function with an input size of **n**."
                            ]
                        },
                        {
                            "type": "paragraph",
                            "content": [
                                "This method provides a more accurate representation of the function's speed, accounting for varied input sizes."
                            ]
                        },
                        {
                            "type": "quote",
                            "content": [
                                "\"The way that we measure time complexity of a given function or method depends on the input size. And it's typically expressed as a function in relation to the input size, which is a better measurement than just the actual time it takes to run the code.\"",
                                "type"
                            ]
                        },
                        {
                            "type": "paragraph",
                            "content": [
                                "Best Case: The input that leads to the minimum number of steps."
                            ]
                        },
                        {
                            "type": "paragraph",
                            "content": [
                                "Worst Case: The input that leads to the maximum number of steps."
                            ]
                        },
                        {
                            "type": "paragraph",
                            "content": [
                                "Average Case: The estimate of the algorithm's performance given arbitrary input."
                            ]
                        },
                        {
                            "type": "image",
                            "content": [
                                {
                                    "url": "assets/mindmap_ac9ead76-4eb3-4e72-9cd9-b4c68e780456.png",
                                    "alt_text": "A mind map illustrating the concept of Time Complexity, including its core concepts, measurement methods, and analysis cases.",
                                    "caption": "A mind map illustrating the concept of Time Complexity, including its core concepts, measurement methods, and analysis cases."
                                }
                            ]
                        }
                    ]
                },
                {
                    "title": "Asymptotic Analysis and Notations",
                    "content": [
                        {
                            "type": "paragraph",
                            "content": [
                                "Asymptotic analysis describes the performance guarantees of algorithms, focusing on how they behave as input size grows, rather than on specific input characteristics."
                            ]
                        },
                        {
                            "type": "paragraph",
                            "content": [
                                "Asymptotic notations simplify time complexity functions, making it easier to compare the relative performance of different algorithms."
                            ]
                        },
                        {
                            "type": "paragraph",
                            "content": [
                                "Asymptotic analysis uses specific notations to describe the upper, lower, and tight bounds of a time complexity function."
                            ]
                        },
                        {
                            "type": "paragraph",
                            "content": [
                                "The **upper bound** of a function describes the worst-case scenario, or the maximum amount of time an algorithm could take. It is denoted using **Big O** notation."
                            ]
                        },
                        {
                            "type": "paragraph",
                            "content": [
                                "The **lower bound** describes the best-case scenario, or the minimum amount of time an algorithm could take. It is denoted using **Omega** notation."
                            ]
                        },
                        {
                            "type": "paragraph",
                            "content": [
                                "The **tight bound** describes when the upper and lower bounds are the same, providing a precise description of an algorithm's time complexity. It is denoted using **Theta** notation."
                            ]
                        },
                        {
                            "type": "image",
                            "content": [
                                {
                                    "url": "assets/mindmap_8946bce6-e19d-4a48-ac22-0ca0c2c34f65.png",
                                    "alt_text": "A mind map illustrating the concepts of Asymptotic Analysis, including Big O, Omega, and Theta notations and their properties.",
                                    "caption": "A mind map illustrating the concepts of Asymptotic Analysis, including Big O, Omega, and Theta notations and their properties."
                                }
                            ]
                        },
                        {
                            "type": "paragraph",
                            "content": [
                                "When simplifying time complexity functions, focus on the **leading terms** (the terms with the highest degree) as they dominate the growth rate as the input size increases."
                            ]
                        }
                    ]
                }
            ]
        },
        {
            "title": "Analyzing Sorting Algorithms",
            "sub_sections": [
                {
                    "title": "Insertion Sort",
                    "content": [
                        {
                            "type": "paragraph",
                            "content": [
                                "Insertion sort is an algorithm that sorts a linear data structure, such as an array, in place. This means it sorts the array directly without creating a new array."
                            ]
                        },
                        {
                            "type": "paragraph",
                            "content": [
                                "The core idea involves a 'moving wall' that separates the array into two parts: a sorted part (left side) and an unsorted part (right side)."
                            ]
                        },
                        {
                            "type": "paragraph",
                            "content": [
                                "The algorithm gradually moves the wall from left to right. At each step, the element immediately to the right of the wall (in the unsorted part) is focused on. The goal is to insert this element into the correct position within the sorted part, and then move the wall one step to the right."
                            ]
                        },
                        {
                            "type": "paragraph",
                            "content": [
                                "The element is placed in the right position in the sorted part by comparing it to the elements in the sorted part, starting from the element that neighbors the wall and gradually moving towards the left side."
                            ]
                        },
                        {
                            "type": "paragraph",
                            "content": [
                                "This continues until an element smaller than or equal to the element being inserted is found, or the left end of the array is reached."
                            ]
                        },
                        {
                            "type": "paragraph",
                            "content": [
                                "This process is repeated until the wall reaches the right end of the array, at which point the entire array is sorted."
                            ]
                        },
                        {
                            "type": "paragraph",
                            "content": [
                                "Consider an array with the initial values of `[5, 7, 3, 2, 1, 10]`."
                            ]
                        },
                        {
                            "type": "paragraph",
                            "content": [
                                "Start with the wall at the very left. The sorted part initially contains only the first element, 5."
                            ]
                        },
                        {
                            "type": "paragraph",
                            "content": [
                                "The element to the right of the wall, 7, is compared to the sorted part. Since 7 is greater than 5, the wall moves to the right."
                            ]
                        },
                        {
                            "type": "paragraph",
                            "content": [
                                "The next element, 3, is smaller than 7, so 7 moves one step rightward. 3 is also smaller than 5, so 5 moves one step rightward. 3 is then placed at the beginning: `[3, 5, 7, 2, 1, 10]`."
                            ]
                        },
                        {
                            "type": "paragraph",
                            "content": [
                                "The focus shifts to 2, which is compared to the sorted part (3, 5, 7). Elements larger than 2 are shifted to the right until 2 is placed in its correct position: `[2, 3, 5, 7, 1, 10]`."
                            ]
                        },
                        {
                            "type": "paragraph",
                            "content": [
                                "The process repeats for 1, resulting in: `[1, 2, 3, 5, 7, 10]`."
                            ]
                        },
                        {
                            "type": "paragraph",
                            "content": [
                                "Finally, 10 is already in the correct position, so the algorithm completes."
                            ]
                        },
                        {
                            "type": "image",
                            "content": [
                                {
                                    "url": "https://cdn.kastatic.org/ka-perseus-images/9876d4dc59e01a4742860ae1831c20f654ed7959.png",
                                    "alt_text": "A diagram showing the step-by-step process of an insertion sort on an array with initial values [5, 7, 3, 2, 1, 10].",
                                    "caption": "A diagram illustrating the insertion sort algorithm."
                                }
                            ]
                        },
                        {
                            "type": "paragraph",
                            "content": [
                                "Insertion sort uses two loops: an outer **for** loop and an inner **while** loop."
                            ]
                        },
                        {
                            "type": "paragraph",
                            "content": [
                                "The outer **for** loop traverses from left to right, effectively moving the wall. It starts at index one, since the first element (index zero) is considered already sorted."
                            ]
                        },
                        {
                            "type": "paragraph",
                            "content": [
                                "The inner **while** loop compares elements in the sorted part to the element being inserted, shifting larger elements to the right to make space."
                            ]
                        },
                        {
                            "type": "paragraph",
                            "content": [
                                "The inner **while** loop only runs when elements in the sorted part are bigger than the element being inserted."
                            ]
                        },
                        {
                            "type": "paragraph",
                            "content": [
                                "The key variable stores the value of the element being focused on (the one immediately to the right of the wall)."
                            ]
                        },
                        {
                            "type": "paragraph",
                            "content": [
                                "Here's a pseudo code representation of the insertion sort algorithm:",
                                "The blue lines are comments."
                            ]
                        },
                        {
                            "type": "code",
                            "content": [
                                "InsertionSort(array):",
                                "  for i from 1 to array.length - 1:",
                                "    key = array[i]",
                                "    j = i - 1",
                                "    while j >= 0 and array[j] > key:",
                                "      array[j + 1] = array[j]",
                                "      j = j - 1",
                                "    array[j + 1] = key"
                            ]
                        },
                        {
                            "type": "paragraph",
                            "content": [
                                "Different input arrays can result in the algorithm taking a different number of steps to execute. The number of steps depends on how the input array is initially ordered."
                            ]
                        },
                        {
                            "type": "paragraph",
                            "content": [
                                "To determine the time complexity, analyze the best-case and worst-case scenarios."
                            ]
                        },
                        {
                            "type": "paragraph",
                            "content": [
                                "In the best-case scenario, the input array is already sorted in ascending order. In this case, the inner **while** loop never executes because the key is always greater than or equal to the elements in the sorted part."
                            ]
                        },
                        {
                            "type": "paragraph",
                            "content": [
                                "The time complexity in the best case is linear, O(n), as the outer **for** loop runs `n-1` times, but the inner loop does not execute."
                            ]
                        },
                        {
                            "type": "paragraph",
                            "content": [
                                "In the worst-case scenario, the input array is in descending order. This forces the inner **while** loop to run the maximum number of times for each iteration of the outer **for** loop."
                            ]
                        },
                        {
                            "type": "paragraph",
                            "content": [
                                "For each element, the algorithm has to compare it with and shift every element in the sorted part. The number of comparisons increases with each element, leading to a quadratic time complexity."
                            ]
                        },
                        {
                            "type": "paragraph",
                            "content": [
                                "The time complexity in the worst case is quadratic, O(n^2)."
                            ]
                        }
                    ]
                },
                {
                    "title": "Quicksort and Probabilistic Analysis",
                    "content": [
                        {
                            "type": "paragraph",
                            "content": [
                                "**Quicksort** is an efficient sorting algorithm that uses a divide-and-conquer approach:"
                            ]
                        },
                        {
                            "type": "list",
                            "content": [
                                "**Partitioning**: The array is divided into two sub-arrays around a pivot element such that elements smaller than the pivot are on one side, and elements greater than the pivot are on the other.",
                                "Recursive Calls: Quicksort is then recursively called on these sub-arrays, repeating the process."
                            ]
                        },
                        {
                            "type": "image",
                            "content": [
                                {
                                    "url": "https://media.geeksforgeeks.org/wp-content/uploads/20240926172924/Heap-Sort-Recursive-Illustration.webp",
                                    "alt_text": "A diagram illustrating the Quicksort algorithm's partitioning and recursive sorting process.",
                                    "caption": "A step-by-step visualization of the Quicksort algorithm, demonstrating the pivot selection and recursive partitioning of an array."
                                }
                            ]
                        },
                        {
                            "type": "paragraph",
                            "content": [
                                "In the worst-case scenario, such as with a sorted input, Quicksort exhibits **O(n^2)** time complexity due to highly unbalanced partitions. In the best-case scenario, where the pivot is always the middle element, Quicksort has **O(n log n)** time complexity."
                            ]
                        },
                        {
                            "type": "paragraph",
                            "content": [
                                "To determine the average-case time complexity, **probabilistic analysis** is used. This approach considers the expected performance over all possible random inputs."
                            ]
                        },
                        {
                            "type": "paragraph",
                            "content": [
                                "**Randomized Quicksort** is a variation that selects a random pivot to mitigate worst-case scenarios, improving average performance."
                            ]
                        }
                    ]
                },
                {
                    "title": "Heaps and Heapsort",
                    "content": []
                }
            ]
        },
        {
            "title": "Divide and Conquer Algorithms",
            "sub_sections": [
                {
                    "title": "The Divide and Conquer Approach",
                    "content": [
                        {
                            "type": "paragraph",
                            "content": [
                                "The divide and conquer approach involves breaking down a problem into smaller subproblems, solving them recursively, and then combining their solutions to solve the original problem."
                            ]
                        },
                        {
                            "type": "list",
                            "content": [
                                "Divide: Break the original problem into smaller, similar subproblems.",
                                "Conquer: Solve the subproblems recursively. If a subproblem is small enough, solve it directly.",
                                "Combine: Integrate the solutions of the subproblems to obtain the solution to the original problem."
                            ]
                        },
                        {
                            "type": "image",
                            "content": [
                                {
                                    "url": "assets/mindmap_1391b253-a83f-49d0-9a69-49fb708a7296.png",
                                    "alt_text": "A mind map illustrating the three steps of the Divide and Conquer approach: Divide, Conquer, and Combine.",
                                    "caption": "A mind map illustrating the three steps of the Divide and Conquer approach: Divide, Conquer, and Combine."
                                }
                            ]
                        },
                        {
                            "type": "paragraph",
                            "content": [
                                "Binary search and merge sort are examples of algorithms that use the divide and conquer approach."
                            ]
                        }
                    ]
                },
                {
                    "title": "Solving Recurrences: The Recurrence Tree Method",
                    "content": [
                        {
                            "type": "paragraph",
                            "content": [
                                "The recurrence tree method helps analyze the time complexity of divide and conquer algorithms. It involves expressing the algorithm's runtime as a recurrence relation and visualizing this relation as a tree."
                            ]
                        },
                        {
                            "type": "paragraph",
                            "content": [
                                "A recurrence relation is a mathematical equation that defines a sequence of values based on its previous terms, effectively describing the algorithm's time complexity in relation to input size and subproblem complexity."
                            ]
                        },
                        {
                            "type": "paragraph",
                            "content": [
                                "The time complexity of algorithms like binary search and merge sort can be derived using this method."
                            ]
                        },
                        {
                            "type": "paragraph",
                            "content": [
                                "The method involves four key steps:"
                            ]
                        },
                        {
                            "type": "list",
                            "content": [
                                "Derive the recurrence relation."
                            ]
                        },
                        {
                            "type": "list",
                            "content": [
                                "Draw the recurrence tree."
                            ]
                        },
                        {
                            "type": "list",
                            "content": [
                                "Calculate the work done at each level of the tree."
                            ]
                        },
                        {
                            "type": "list",
                            "content": [
                                "Sum up the total work across all levels to determine the overall time complexity."
                            ]
                        },
                        {
                            "type": "image",
                            "content": [
                                {
                                    "url": "assets/mindmap_c26aa8ad-b801-428d-b29b-5ed983622006.png",
                                    "alt_text": "A mind map illustrating the four steps of the Recurrence Tree Method for solving recurrence relations.",
                                    "caption": "A mind map illustrating the four steps of the Recurrence Tree Method for solving recurrence relations."
                                }
                            ]
                        }
                    ]
                },
                {
                    "title": "The Master Theorem",
                    "content": [
                        {
                            "type": "paragraph",
                            "content": [
                                "The Master Theorem provides a straightforward method for determining the time complexity of recurrence relations that fit the form:"
                            ]
                        },
                        {
                            "type": "code",
                            "content": [
                                "T(n) = aT(n/b) + f(n)"
                            ]
                        },
                        {
                            "type": "list",
                            "content": [
                                "where:",
                                "•\t`T(n)` is the time complexity of the problem of size `n`.",
                                "•\t`a` is the number of subproblems in the recursion.",
                                "•\t`n/b` is the size of each subproblem.",
                                "•\t`f(n)` is the cost of the work done outside the recursive calls."
                            ]
                        },
                        {
                            "type": "paragraph",
                            "content": [
                                "The Master Theorem simplifies algorithm analysis by providing direct solutions based on comparing `f(n)` with `n^(log_b a)`."
                            ]
                        },
                        {
                            "type": "image",
                            "content": [
                                {
                                    "url": "assets/mindmap_6f2d9a17-b734-4f25-ab4f-c20db9cc3175.png",
                                    "alt_text": "A mind map illustrating the Master Theorem, including its key components, core idea, and example applications like Binary Search and Merge Sort.",
                                    "caption": "A mind map illustrating the Master Theorem, including its key components, core idea, and example applications like Binary Search and Merge Sort."
                                }
                            ]
                        },
                        {
                            "type": "paragraph",
                            "content": [
                                "This theorem can be applied to determine the time complexity of algorithms like binary search and merge sort."
                            ]
                        },
                        {
                            "type": "paragraph",
                            "content": [
                                "**Example Applications**:"
                            ]
                        },
                        {
                            "type": "list",
                            "content": [
                                "Binary Search",
                                "Merge Sort"
                            ]
                        }
                    ]
                }
            ]
        },
        {
            "title": "Core Data Structures",
            "sub_sections": [
                {
                    "title": "Hash Tables",
                    "content": [
                        {
                            "type": "paragraph",
                            "content": [
                                "Hash tables are designed for storing key-value pairs, providing efficient data storage and retrieval. They are particularly useful in scenarios requiring frequent searching, fast data insertion and deletion, and the management of key-value pair data."
                            ]
                        },
                        {
                            "type": "paragraph",
                            "content": [
                                "A hash table is a data structure that stores key-value pairs for fast data access. It uses a hash function to convert keys into indexes, which determine where the values are stored."
                            ]
                        },
                        {
                            "type": "image",
                            "content": [
                                {
                                    "url": "https://upload.wikimedia.org/wikipedia/commons/5/58/Hash_table_4_1_1_0_0_1_0_LL.svg",
                                    "alt_text": "A diagram of a hash table showing keys being converted to indexes by a hash function and the resulting key-value pairs stored in the table.",
                                    "caption": "A diagram illustrating the structure of a hash table, showing how keys are mapped to indexes."
                                }
                            ]
                        },
                        {
                            "type": "paragraph",
                            "content": [
                                "The **hash function** is a crucial component of a hash table. It transforms keys into indexes to determine the position of values in the table. Ideally, a hash function should distribute keys evenly across the table to minimize collisions."
                            ]
                        },
                        {
                            "type": "paragraph",
                            "content": [
                                "A **collision** occurs when two different keys are hashed to the same index in the hash table. Because each location should be unique, this is an issue that needs to be addressed."
                            ]
                        }
                    ]
                },
                {
                    "title": "Binary Search Trees",
                    "content": [
                        {
                            "type": "paragraph",
                            "content": [
                                "Binary Search Trees (BSTs) are a fundamental data structure that enables efficient searching, insertion, and deletion operations. Here's an overview:"
                            ]
                        },
                        {
                            "type": "list",
                            "content": [
                                "**Definition:** A BST is a tree-based data structure where each node has a key (value) and satisfies the following properties:",
                                "Each node has at most two children, referred to as the left child and the right child.",
                                "For each node, the value of all nodes in its left subtree is less than the value of the node itself.",
                                "For each node, the value of all nodes in its right subtree is greater than the value of the node itself.",
                                "There are no duplicate keys (values)."
                            ]
                        },
                        {
                            "type": "paragraph",
                            "content": [
                                "**Search:** The search operation in a BST involves traversing the tree to find a node with a specific key. Starting from the root, the algorithm compares the target key with the current node's key. If the target is smaller, the search continues in the left subtree; if it's larger, the search continues in the right subtree. This process repeats until the key is found or the subtree being examined is empty."
                            ]
                        },
                        {
                            "type": "paragraph",
                            "content": [
                                "**Implementation of the search operation:**"
                            ]
                        },
                        {
                            "type": "code",
                            "content": [
                                "def search(root, target):\n    if not root:\n        return False  # Key not found\n    if root.key == target:\n        return True   # Key found\n    elif target < root.key:\n        return search(root.left, target)  # Search left subtree\n    else:\n        return search(root.right, target) # Search right subtree"
                            ]
                        },
                        {
                            "type": "list",
                            "content": [
                                "**Time Complexity of Search Operation:**",
                                "Best Case: O(1) - The target is the root node.",
                                "Average Case: O(log n) - The tree is balanced.",
                                "Worst Case: O(n) - The tree is skewed (like a linked list)."
                            ]
                        },
                        {
                            "type": "paragraph",
                            "content": [
                                "The efficiency of BST operations depends on the tree's structure. A balanced BST ensures logarithmic time complexity for search, insert, and delete operations, making it a highly efficient data structure."
                            ]
                        }
                    ]
                }
            ]
        },
        {
            "title": "Amortized Analysis",
            "sub_sections": [
                {
                    "title": "Understanding Amortized Cost",
                    "content": [
                        {
                            "type": "paragraph",
                            "content": [
                                "Amortized analysis is used to determine the average cost of a sequence of operations, especially when some operations in the sequence are occasionally very expensive."
                            ]
                        },
                        {
                            "type": "quote",
                            "content": [
                                "\"Amortized analysis gives us the real picture of the performance of one or more operations over time, not just in the worst moment.\""
                            ]
                        },
                        {
                            "type": "paragraph",
                            "content": [
                                "The primary example for understanding amortized cost is the dynamic array insertion. Although most insertions into a dynamic array are fast, occasional resizing operations can be costly."
                            ]
                        },
                        {
                            "type": "image",
                            "content": [
                                {
                                    "url": "https://media.geeksforgeeks.org/wp-content/cdn-uploads/Dynamic-Table.png",
                                    "alt_text": "A diagram illustrating the insertion process in a dynamic array, showing the array resizing when it becomes full.",
                                    "caption": "An illustration of the insertion process in a dynamic array, showing how the array grows."
                                }
                            ]
                        },
                        {
                            "type": "paragraph",
                            "content": [
                                "Amortized analysis focuses on the average cost per operation, providing a realistic understanding of performance over a sequence of operations, rather than focusing solely on worst-case scenarios."
                            ]
                        }
                    ]
                },
                {
                    "title": "The Aggregate Method",
                    "content": [
                        {
                            "type": "paragraph",
                            "content": [
                                "The aggregate method determines the amortized cost by calculating the total actual cost for a sequence of *n* operations, then distributing that cost evenly across each operation."
                            ]
                        },
                        {
                            "type": "paragraph",
                            "content": [
                                "The amortized cost per operation is then the total cost divided by *n*."
                            ]
                        },
                        {
                            "type": "paragraph",
                            "content": [
                                "Consider a binary counter with an increment operation. This operation increases the counter's value by one. The counter is represented by an array of bits."
                            ]
                        },
                        {
                            "type": "paragraph",
                            "content": [
                                "To increment the counter, the rightmost bit is flipped. If that bit was a 0, it becomes a 1, and the operation is complete. However, if the rightmost bit was already a 1, it flips to 0, and a carry is propagated to the next bit, and so on."
                            ]
                        },
                        {
                            "type": "image",
                            "content": [
                                {
                                    "url": "https://media.cheggcdn.com/media/554/5548ade1-20d7-41d6-a1b6-84ef612ac861/phpiCKUK0",
                                    "alt_text": "Binary counter increment bit flipping",
                                    "caption": "An academic exercise on the amortized analysis of a binary counter, focusing on the cost of bit flipping."
                                }
                            ]
                        },
                        {
                            "type": "paragraph",
                            "content": [
                                "In the worst-case scenario, incrementing the counter might require flipping every bit in the counter (e.g., when incrementing from 111 to 1000)."
                            ]
                        },
                        {
                            "type": "paragraph",
                            "content": [
                                "Although a single increment operation can be expensive, most increments only require flipping a few bits."
                            ]
                        },
                        {
                            "type": "paragraph",
                            "content": [
                                "Using the aggregate method, we can determine the amortized cost of a sequence of *n* increment operations."
                            ]
                        }
                    ]
                },
                {
                    "title": "The Accounting Method",
                    "content": [
                        {
                            "type": "paragraph",
                            "content": [
                                "The accounting method is a technique used in amortized analysis to determine the average cost of a sequence of operations. It involves assigning an **amortized cost** to each operation, which may be different from its actual cost."
                            ]
                        },
                        {
                            "type": "paragraph",
                            "content": [
                                "The goal is to ensure that the total amortized cost of a sequence of operations is greater than or equal to the total actual cost. This is achieved by storing credits when an operation's amortized cost exceeds its actual cost, and using these credits to cover the cost of operations where the actual cost exceeds the amortized cost."
                            ]
                        },
                        {
                            "type": "paragraph",
                            "content": [
                                "Credits are maintained to pay for future expensive operations, effectively smoothing out the cost over the sequence of operations."
                            ]
                        },
                        {
                            "type": "list",
                            "content": [
                                "To illustrate the accounting method, consider a stack with three operations:",
                                "Push: Adds an element to the top of the stack.",
                                "Pop: Removes the top element from the stack.",
                                "Multi-Pop(k): Removes the top *k* elements from the stack, or all elements if the stack contains fewer than *k* elements."
                            ]
                        },
                        {
                            "type": "image",
                            "content": [
                                {
                                    "url": "assets/sequence_diagram_3b40de37-e7a1-4992-8d49-e4f6da5b1a3c.png",
                                    "alt_text": "A sequence diagram showing push and multi-pop operations on a stack, with corresponding costs and credits managed by a credit bank.",
                                    "caption": "A sequence diagram showing push and multi-pop operations on a stack, with corresponding costs and credits managed by a credit bank."
                                }
                            ]
                        },
                        {
                            "type": "paragraph",
                            "content": [
                                "Each operation is assigned an amortized cost. For example, push operations might have a higher amortized cost to build up credits, while pop and multi-pop operations might have lower costs, relying on the credits for potentially higher actual costs."
                            ]
                        },
                        {
                            "type": "paragraph",
                            "content": [
                                "The **amortized cost** represents the amount we charge for each operation, while the **actual cost** represents the real resources it consumes."
                            ]
                        },
                        {
                            "type": "paragraph",
                            "content": [
                                "The accounting method ensures that even when individual operations have varying costs, the overall sequence of operations has a predictable average cost."
                            ]
                        }
                    ]
                },
                {
                    "title": "The Potential Method",
                    "content": [
                        {
                            "type": "paragraph",
                            "content": [
                                "The potential method is a technique used in amortized analysis to account for the cost of operations on a data structure over time. It is particularly useful when the cost of an operation can vary significantly, but the average cost over a sequence of operations is relatively low."
                            ]
                        },
                        {
                            "type": "paragraph",
                            "content": [
                                "The core idea of the potential method is to define a **potential function**, denoted as Φ, which represents the 'stored work' or 'energy' of the data structure at any given time."
                            ]
                        },
                        {
                            "type": "list",
                            "content": [
                                "The potential function, Φ, must adhere to these properties:",
                                "The initial potential, Φ(D₀), is zero.",
                                "Φ(Di) ≥ 0 for all states Di. This means the potential is always non-negative."
                            ]
                        },
                        {
                            "type": "paragraph",
                            "content": [
                                "The **amortized cost** of an operation is then calculated as the sum of its actual cost and the change in potential caused by the operation:  **Amortized Cost = Actual Cost + Φ(after) - Φ(before)**"
                            ]
                        },
                        {
                            "type": "paragraph",
                            "content": [
                                "If the amortized costs are low while still covering the actual costs, then this demonstrates efficiency over a series of operations."
                            ]
                        },
                        {
                            "type": "paragraph",
                            "content": [
                                "The potential method is applied to the dynamic array insertion, where the potential function represents available space or stored work, which is then released to pay for the infrequent but costly resizing operations."
                            ]
                        },
                        {
                            "type": "image",
                            "content": [
                                {
                                    "url": "assets/mindmap_e46bbbdc-7260-41ea-a026-97a72e714cfc.png",
                                    "alt_text": "A mind map illustrating the key concepts of the Potential Method, including its core idea, properties of the potential function, amortized cost calculation, and an application example in dynamic array insertion.",
                                    "caption": "A mind map illustrating the key concepts of the Potential Method, including its core idea, properties of the potential function, amortized cost calculation, and an application example in dynamic array insertion."
                                }
                            ]
                        }
                    ]
                }
            ]
        }
    ]
}