{
  "pizzas": {
    "items": [
      {
        "name": "VEGGI PIZZA",
        "price": 9,
        "base_toppings": [
          "Classic vegetables",
          "more unique herb leaves"
        ],
        "image_url": "/images/veggi-pizza.png"
      },
      {
        "name": "CALIFORNIA PIZZA",
        "price": 11,
        "base_toppings": [
          "Creative and diverse toppings",
          "often using fresh",
          "local ingredients"
        ],
        "image_url": "/images/california-pizza.png"
      },
      {
        "name": "MARGHERITA PIZZA",
        "price": 7,
        "base_toppings": [
          "Delicious Pizza with tomato sauce",
          "mozzarella",
          "basil"
        ],
        "image_url": "/images/margherita-pizza.png"
      }
    ],
    "toppings": [
      {
        "name": "Mushrooms",
        "price": 1
      },
      {
        "name": "onions",
        "price": 1
      },
      {
        "name": "green peppers",
        "price": 1
      },
      {
        "name": "olives",
        "price": 1
      },
      {
        "name": "jalape\u00f1os",
        "price": 1
      },
      {
        "name": "pineapple",
        "price": 1
      },
      {
        "name": "spinach",
        "price": 1
      },
      {
        "name": "cheese",
        "price": 1
      }
    ]
  },
  "burgers": {
    "items": [
      {
        "name": "CLASSIC BURGER",
        "price": 6,
        "base_toppings": [
          "Chicken",
          "Cheese",
          "Onion",
          "Tomato",
          "Mustard",
          "Lettuce"
        ],
        "image_url": "/images/classic-burger.png"
      },
      {
        "name": "BBQ BURGER",
        "price": 7,
        "base_toppings": [
          "100% beef patty",
          "smoked bacon",
          "BBQ sauce",
          "pretzel bun"
        ],
        "image_url": "/images/bbq-burger.png"
      },
      {
        "name": "CHICKEN BURGER",
        "price": 5,
        "base_toppings": [
          "Chicken",
          "Cheese",
          "Onion",
          "Tomato",
          "Mustard",
          "Lettuce"
        ],
        "image_url": "/images/chicken-burger.png"
      }
    ],
    "toppings": [
      {
        "name": "Lettuce",
        "price": 1
      },
      {
        "name": "tomato",
        "price": 1
      },
      {
        "name": "onion",
        "price": 1
      },
      {
        "name": "pickles",
        "price": 1
      },
      {
        "name": "cheese",
        "price": 1
      },
      {
        "name": "bacon",
        "price": 1
      },
      {
        "name": "avocado",
        "price": 1
      },
      {
        "name": "fried egg",
        "price": 1
      }
    ]
  },
  "ice_cream": {
    "items": [
      {
        "name": "ICE CREAM",
        "price": 5,
        "image_url": "/images/ice-cream.png"
      },
      {
        "name": "FRUIT CREAM",
        "price": 5,
        "image_url": "/images/fruit-cream.png"
      }
    ]
  },
  "drinks": {
    "items": [
      {
        "name": "COKE",
        "price": 3,
        "image_url": "/images/coke.png"
      },
      {
        "name": "PEPSI",
        "price": 3,
        "image_url": "/images/pepsi.png"
      }
    ]
  }
}