{
  "id": "41bd8546-74cf-4369-ab2b-b97ed6eb1196",
  "name": "Nationalism in India",
  "description": "A comprehensive study of nationalist movements and key events in India's freedom struggle",
  "transcript": "In India, the growth of modern nationalism is connected to the anti-colonial movement. Due to colonization, many different groups shared bonds together, which were forged by the Congress under Mahatma Gandhi.\n\nThe war created a new economic and political situation in the years after 1919. Income tax was introduced, and the prices of custom duties were doubled between 1913 and 1918, which led to a very difficult life for common people. In 1918-19 crops failed in India, resulting in a shortage of food accompanied by an influenza epidemic. At this stage, a new leader appeared and suggested a new mode of struggle.\n\nThe Idea of Satyagraha\n\nIn January 1915, Mahatma Gandhi returned to India from South Africa and started the movement Satyagraha. Satyagraha emphasized the power of truth as the need to search for truth. According to Mahatma Gandhi, people can win a battle with non-violence. In 1917, he travelled to Champaran in Bihar to inspire the peasants to struggle against the oppressive plantation system. In the same year, he organized satyagraha to support the peasants of the Kheda district of Gujarat. In 1918, Mahatma Gandhi went to Ahmedabad to organize a satyagraha movement amongst cotton mill workers.\n\nThe Rowlatt Act\n\nIn 1919, Mahatma Gandhi launched a nationwide satyagraha against the proposed Rowlatt Act. The Act gave the government enormous powers to repress political activities and allowed the detention of political prisoners without trial for two years. The British government decided to clamp down on nationalists by suspending the rights of the people. On April 10th, police fired on a peaceful procession, which provoked widespread attacks on banks, post offices and railway stations. Martial law was imposed, and General Dyer took command.\n\nOn 13th April, the Jallianwala Bagh incident took place. A large crowd gathered in the Jallianwala Bagh, where a few people came to protest against the government's new repressive measures, but many came to attend the annual Baisakhi fair. General Dyer blocked all the exit points and opened fire on the crowd killing hundreds. After the Jallianwala Bagh massacre, people became furious and went on strikes, clashes with police and attacks on government buildings.\n\nMahatma Gandhi had to call off the movement as it was turning into a violent war.",
  "focus_area": "",
  "created_at": "2025-08-06T03:30:38.263811",
  "quizzes": [
    {
      "title": "Mid-Term Quiz",
      "teacher": "Mr. John",
      "score": "85%",
      "date": "2025-05-22"
    }
  ],
  "content_status": "completed",
  "podcast_status": "completed",
  "generated_content_path": "student_data/classes/41bd8546-74cf-4369-ab2b-b97ed6eb1196_content.json",
  "podcast_path": "/student_data/classes/41bd8546-74cf-4369-ab2b-b97ed6eb1196/podcasts/podcast_0e4a3813-0d50-42fc-8c08-4347548f8921.wav",
  "last_updated": "2025-08-06T03:33:39.473963"
}