{
  "title": "The Rise of Indian Nationalism and the Satyagraha Movement",
  "sections": [
    {
      "title": "The Growth of Modern Nationalism in India",
      "sub_sections": [
        {
          "title": "The Anti-Colonial Movement",
          "content": [
            {
              "type": "paragraph",
              "content": [
                "The growth of modern nationalism in India is intertwined with the anti-colonial movement. Colonization fostered shared bonds among diverse groups, strengthened by the unifying efforts of the Congress under Mahatma Gandhi."
              ]
            },
            {
              "type": "paragraph",
              "content": [
                "In 1915, Mahatma Gandhi returned from South Africa and initiated the Satyagraha movement, emphasizing truth and non-violence as means to win battles."
              ]
            },
            {
              "type": "list",
              "content": [
                "In 1917, he inspired peasants in Champaran, Bihar, to resist the oppressive plantation system."
              ]
            },
            {
              "type": "list",
              "content": [
                "He organized satyagraha to support the peasants of the Kheda district of Gujarat."
              ]
            },
            {
              "type": "list",
              "content": [
                "In 1918, he organized a satyagraha movement amongst cotton mill workers in Ahmedabad."
              ]
            },
            {
              "type": "paragraph",
              "content": [
                "In 1919, Mahatma Gandhi launched a nationwide satyagraha against the Rowlatt Act, which granted the government extensive powers to suppress political activities, including detaining political prisoners without trial for two years."
              ]
            },
            {
              "type": "paragraph",
              "content": [
                "The British government suppressed nationalists by suspending people's rights, leading to a violent turn of events."
              ]
            },
            {
              "type": "list",
              "content": [
                "Police fired on a peaceful procession on April 10th, leading to widespread attacks on banks, post offices, and railway stations."
              ]
            },
            {
              "type": "list",
              "content": [
                "Martial law was imposed, and General Dyer assumed command."
              ]
            },
            {
              "type": "paragraph",
              "content": [
                "On April 13th, the Jallianwala Bagh incident occurred, where General Dyer opened fire on a large crowd, resulting in numerous deaths."
              ]
            },
            {
              "type": "image",
              "content": [
                {
                  "url": "https://lookaside.fbsbx.com/lookaside/crawler/media/?media_id=926089669523374",
                  "alt_text": "A depiction of the Jallianwala Bagh massacre, showing the enclosed space and the crowd.",
                  "caption": "Jallianwala Bagh memorial in Amritsar, India."
                }
              ]
            },
            {
              "type": "list",
              "content": [
                "Following the Jallianwala Bagh massacre, people engaged in strikes, clashed with police, and attacked government buildings."
              ]
            },
            {
              "type": "paragraph",
              "content": [
                "Due to the escalating violence, Mahatma Gandhi called off the movement."
              ]
            }
          ]
        },
        {
          "title": "Economic Hardship and the Call for a New Leader",
          "content": [
            {
              "type": "paragraph",
              "content": [
                "The period after 1919 was marked by a challenging economic and political landscape. The introduction of income tax and the doubling of custom duties between 1913 and 1918 significantly increased the financial strain on common people."
              ]
            },
            {
              "type": "list",
              "content": [
                "Crop failure in 1918-19 led to widespread food shortages, exacerbating the difficulties faced by the population.",
                "The influenza epidemic further compounded these issues, contributing to increased suffering and hardship."
              ]
            },
            {
              "type": "paragraph",
              "content": [
                "Amidst these hardships, a new leader emerged, advocating for a different approach to address the prevailing challenges."
              ]
            }
          ]
        }
      ]
    },
    {
      "title": "The Idea of Satyagraha",
      "sub_sections": [
        {
          "title": "The Philosophy of Satyagraha",
          "content": [
            {
              "type": "paragraph",
              "content": [
                "In January 1915, Mahatma Gandhi returned to India from South Africa, bringing with him the concept of Satyagraha."
              ]
            },
            {
              "type": "list",
              "content": [
                "Satyagraha emphasizes the power of truth and the need to search for it."
              ]
            },
            {
              "type": "list",
              "content": [
                "According to Mahatma Gandhi, people can win a battle through non-violence."
              ]
            },
            {
              "type": "paragraph",
              "content": [
                "In 1917, he went to Champaran in Bihar to inspire peasants to struggle against the oppressive plantation system. In the same year, he organized satyagraha to support the peasants of the Kheda district of Gujarat. In 1918, Mahatma Gandhi went to Ahmedabad to organize a satyagraha movement amongst cotton mill workers."
              ]
            },
            {
              "type": "image",
              "content": [
                {
                  "url": "assets/mindmap_6aea6296-781f-4340-a6a7-45db85be612e.png",
                  "alt_text": "A mind map about Satyagraha, its core principles, and early movements.",
                  "caption": "A mind map about Satyagraha, its core principles, and early movements."
                }
              ]
            }
          ]
        },
        {
          "title": "Early Satyagraha Movements",
          "content": [
            {
              "type": "paragraph",
              "content": [
                "Gandhi introduced Satyagraha, emphasizing truth and non-violence, as a method to resolve conflicts."
              ]
            },
            {
              "type": "list",
              "content": [
                "In 1917, he went to Champaran, Bihar, to motivate peasants against the oppressive plantation system."
              ]
            },
            {
              "type": "list",
              "content": [
                "He launched a satyagraha in the same year to support the peasants of the Kheda district of Gujarat."
              ]
            },
            {
              "type": "list",
              "content": [
                "In 1918, he went to Ahmedabad to initiate a satyagraha movement among cotton mill workers."
              ]
            },
            {
              "type": "image",
              "content": [
                {
                  "url": "assets/mindmap_3158073f-6cda-4e12-99c1-e3f5e25694da.png",
                  "alt_text": "A mind map illustrating the early Satyagraha movements in India, including Champaran, Kheda, and Ahmedabad.",
                  "caption": "A mind map illustrating the early Satyagraha movements in India, including Champaran, Kheda, and Ahmedabad."
                }
              ]
            }
          ]
        }
      ]
    },
    {
      "title": "The Rowlatt Act and the Jallianwala Bagh Massacre",
      "sub_sections": [
        {
          "title": "The Rowlatt Act of 1919",
          "content": [
            {
              "type": "paragraph",
              "content": [
                "In 1919, Mahatma Gandhi initiated a nationwide satyagraha against the Rowlatt Act, which granted the government extensive authority to suppress political activities. This act permitted the detention of political prisoners without trial for two years, leading the British government to suppress nationalists by infringing on people's rights."
              ]
            },
            {
              "type": "image",
              "content": [
                {
                  "url": "assets/mindmap_dde05d99-c568-4c5c-a0e2-1aaf65d738cd.png",
                  "alt_text": "A mind map detailing the key provisions, response, and impact of the Rowlatt Act (1919).",
                  "caption": "A mind map detailing the key provisions, response, and impact of the Rowlatt Act (1919)."
                }
              ]
            }
          ]
        },
        {
          "title": "The Jallianwala Bagh Incident",
          "content": [
            {
              "type": "paragraph",
              "content": [
                "With rising tensions and unrest, martial law was imposed, and General Dyer assumed command."
              ]
            },
            {
              "type": "paragraph",
              "content": [
                "On April 13th, the Jallianwala Bagh incident occurred. A large crowd had gathered in the Jallianwala Bagh, some to protest the government's repressive measures, and many others to attend the annual Baisakhi fair."
              ]
            },
            {
              "type": "paragraph",
              "content": [
                "Dyer blocked all the exit points and ordered his troops to open fire on the unarmed crowd, resulting in the deaths of hundreds of people."
              ]
            },
            {
              "type": "image",
              "content": [
                {
                  "url": "https://c8.alamy.com/comp/CN2972/marks-on-the-wall-where-bullets-struck-inside-jallianwala-bagh-in-CN2972.jpg",
                  "alt_text": "A photo of the bullet marks on the walls of Jallianwala Bagh.",
                  "caption": "A close-up of the bullet-riddled walls of Jallianwala Bagh, with the bullet holes marked with white squares."
                }
              ]
            },
            {
              "type": "quote",
              "content": [
                "\"General Dyer blocked all the exit points and opened fire on the crowd killing hundreds.\""
              ]
            }
          ]
        },
        {
          "title": "Aftermath and Withdrawal of the Movement",
          "content": [
            {
              "type": "paragraph",
              "content": [
                "Following the Jallianwala Bagh massacre, the public responded with strikes, clashes with police, and attacks on government buildings, signaling widespread outrage."
              ]
            },
            {
              "type": "paragraph",
              "content": [
                "Due to the escalating violence, Mahatma Gandhi decided to call off the movement, prioritizing non-violent means of protest."
              ]
            },
            {
              "type": "image",
              "content": [
                {
                  "url": "assets/mindmap_34e671a2-f34d-4109-989e-f590050092ba.png",
                  "alt_text": "A mind map about the aftermath of the Jallianwala Bagh Massacre, showing the public response and Gandhi's actions.",
                  "caption": "A mind map about the aftermath of the Jallianwala Bagh Massacre, showing the public response and Gandhi's actions."
                }
              ]
            }
          ]
        }
      ]
    }
  ]
}