Category,Item Name,Price,Base Toppings,Image URL
Pizza,Margherita Classic,12.99,"tomato sauce, mozzarella cheese, fresh basil",https://example.com/margherita.jpg
Pizza,Pepperoni Supreme,15.99,"tomato sauce, mozzarella cheese, pepperoni",https://example.com/pepperoni.jpg
Pizza,BBQ Chicken,17.99,"BBQ sauce, mozzarella cheese, grilled chicken, red onions",https://example.com/bbq_chicken.jpg
Pizza,Veggie Delight,14.99,"tomato sauce, mozzarella cheese, bell peppers, mushrooms, olives",https://example.com/veggie.jpg
Burger,Classic Cheeseburger,10.99,"beef patty, american cheese, lettuce, tomato",https://example.com/cheeseburger.jpg
Burger,Bacon Deluxe,13.99,"beef patty, bacon, cheddar cheese, lettuce, tomato",https://example.com/bacon_burger.jpg
Burger,Veggie Burger,11.99,"veggie patty, swiss cheese, lettuce, tomato, avocado",https://example.com/veggie_burger.jpg
Ice Cream,Vanilla Classic,4.99,,https://example.com/vanilla.jpg
Ice Cream,Chocolate Fudge,5.99,,https://example.com/chocolate.jpg
Ice Cream,Strawberry Swirl,5.99,,https://example.com/strawberry.jpg
Ice Cream,Mint Chocolate Chip,6.99,,https://example.com/mint_chip.jpg
Drinks,Coca-Cola,2.99,,https://example.com/coke.jpg
Drinks,Sprite,2.99,,https://example.com/sprite.jpg
Drinks,Orange Juice,3.99,,https://example.com/orange_juice.jpg
Drinks,Iced Tea,2.49,,https://example.com/iced_tea.jpg
Toppings,Extra Cheese,1.50,,
Toppings,Pepperoni,2.00,,
Toppings,Mushrooms,1.00,,
Toppings,Bell Peppers,1.00,,
Toppings,Bacon,2.50,,
Toppings,Grilled Chicken,3.00,, 