[
    {
        "note_id": "38b87cd932384bb986af3425f151e4db",
        "note": "A2A is built on top of MCP",
        "category": "protocols"
    },
    {
        "note_id": "0a3271f5dac24ee1b50a75f969faf621",
        "note": "Mathematical concepts illustrated on a classroom blackboard, including the Pythagorean theorem, area and volume formulas, and Einstein's mass-energy equivalence (E=mc\u00b2).",
        "category": "Education"
    },
    {
        "note_id": "c2634655821d4be2bc088578667b2466",
        "note": "multiply 3453843324 and 2231312321",
        "category": "Math"
    },
    {
        "note_id": "8e5976a059744214b3adcb0a1adc6cc5",
        "note": "multiply 3453843324 and 2231312321",
        "category": "Math"
    },
    {
        "note_id": "3b656cea9cdd42b38176b6f7094cb4e5",
        "note": "multiply 3453843324 and 2231312321",
        "category": "Math"
    },
    {
        "note_id": "439123feac7b4fa7b146806165ae1359",
        "note": "multiply 889*9978",
        "category": "Math"
    },
    {
        "note_id": "8c453af1776a4bb19671b66b8f151f6f",
        "note": "multiply 889 and 9978",
        "category": "Math"
    },
    {
        "note_id": "5a9137771c7346098a18a75fbbe57f71",
        "note": "Multiply 67898646 and 76845468",
        "category": "Multiplication"
    },
    {
        "note_id": "6a8891b705c64bdba2554da440356aff",
        "note": "Segment Tree Implementation in Python: This code defines a Segment Tree class that supports range sum queries and point updates. The class is initialized with a list of data, which builds the segment tree in a way that allows for efficient querying and updating. The key methods include:\n1. **__init__**: Initializes the segment tree based on input data.\n2. **build**: Constructs the tree by filling leaf nodes and calculating sums for internal nodes.\n3. **update**: Updates the value at a specified index and adjusts the necessary nodes in the tree.\n4. **query**: Retrieves the sum of values in a specified range. Example usage demonstrates querying and updating the tree.",
        "category": "Programming"
    }
]