{
    "features": [
        {
            "name": "Circle to Search",
            "credits": 5,
            "sub_features": [
                {
                    "name": "Grounding",
                    "credits": 20
                },
                {
                    "name": "Images",
                    "credits": 10
                },
                {
                    "name": "Web Results",
                    "credits": 10
                },
                {
                    "name": "Videos",
                    "credits": 5
                }

            ]
        },
        {
            "name": "Quiz",
            "credits": 5,
            "sub_features": [
                {
                    "name": "AI Summary",
                    "credits": 10
                },
                {
                    "name": "Files",
                    "credits": 40
                }
            ]
        }
    ],
    "metadata": {
        "credit_cost_in_dollars": 1
    }
}