{
    "pizzas": {
      "items": [
        {
          "name": "VEGGI PIZZA",
          "price": 9,
          "base_toppings": [
            "Classic vegetables",
            "more unique herb leaves"
          ],
          "image_url": "/images/veggi-pizza.png"
        },
        {
          "name": "CALIFORNIA PIZZA",
          "price": 11,
          "base_toppings": [
            "Creative and diverse toppings",
            "often using fresh, local ingredients."
          ],
          "image_url": "/images/california-pizza.png"
        },
        {
          "name": "MARGHERITA PIZZA",
          "price": 7,
          "base_toppings": [
            "Delicious Pizza with tomato sauce",
            "mozzarella",
            "and basil."
          ],
          "image_url": "/images/margherita-pizza.png"
        }
      ],
      "toppings": [
        {
          "name": "Mushrooms",
          "price": 0
        },
        {
          "name": "onions",
          "price": 0
        },
        {
          "name": "green peppers",
          "price": 0
        },
        {
          "name": "olives",
          "price": 0
        },
        {
          "name": "jalapeños",
          "price": 0
        },
        {
          "name": "pineapple",
          "price": 0
        },
        {
          "name": "spinach",
          "price": 0
        },
        {
          "name": "cheese",
          "price": 0
        }
      ]
    },
    "burgers": {
      "items": [
        {
          "name": "CLASSIC BURGER",
          "price": 6,
          "base_toppings": [
            "Chicken",
            "Cheese",
            "Onion",
            "Tomato",
            "Mustard",
            "Lettuce"
          ],
          "image_url": "/images/classic-burger.png"
        },
        {
          "name": "BBQ BURGER",
          "price": 7,
          "base_toppings": [
            "100% beef patty",
            "smoked bacon",
            "and BBQ sauce on a pretzel bun"
          ],
          "image_url": "/images/bbq-burger.png"
        },
        {
          "name": "CHICKEN BURGER",
          "price": 5,
          "base_toppings": [
            "Chicken",
            "Cheese",
            "Onion",
            "Tomato",
            "Mustard",
            "Lettuce"
          ],
          "image_url": "/images/chicken-burger.png"
        }
      ],
      "toppings": [
        {
          "name": "Lettuce",
          "price": 0
        },
        {
          "name": "tomato",
          "price": 0
        },
        {
          "name": "onion",
          "price": 0
        },
        {
          "name": "pickles",
          "price": 0
        },
        {
          "name": "cheese",
          "price": 0
        },
        {
          "name": "bacon",
          "price": 0
        },
        {
          "name": "avocado",
          "price": 0
        },
        {
          "name": "fried egg",
          "price": 0
        }
      ]
    },
    "ice_cream": {
      "items": [
        {
          "name": "ICE CREAM",
          "price": 5,
          "image_url": "/images/ice-cream.png"
        },
        {
          "name": "FRUIT CREAM",
          "price": 5,
          "image_url": "/images/fruit-cream.png"
        }
      ]
    },
    "drinks": {
      "items": [
        {
          "name": "COKE",
          "price": 3,
          "image_url": "/images/coke.png"
        },
        {
          "name": "PEPSI",
          "price": 3,
          "image_url": "/images/coke.png"
        }
      ]
    }
  }